<?xml version="1.0" encoding="UTF-8"?>
<JarFiles env="prod">
   <JarFile name="getnet-3.0.0-a8-SNAPSHOT-GetNetCustomer">
      <XMLFiles>
         <!--' Site 1 Channels '-->
         <XMLfile file="nodes/B24_1.xml">
            <CEntry XPath="//channel[@id='B24_CHN_1']/route/connprofile/address/@host" CustVal="192.168.56.1" />
            <CEntry XPath="//channel[@id='B24_CHN_1']/route/connprofile/address/@port" CustVal="10224" />
            <AEntry XPath="//channel[@id='B24_CHN_1']/route/harouter[@id='1']/@id" CustVal="1" />
            
			<CEntry XPath="//channel[@id='B24_CHN_2']/route/connprofile/address/@host" CustVal="192.168.56.1" />
            <CEntry XPath="//channel[@id='B24_CHN_2']/route/connprofile/address/@port" CustVal="10223" />
            <AEntry XPath="//channel[@id='B24_CHN_2']/route/harouter[@id='1']/@id" CustVal="1" />			
         </XMLfile>
         <XMLfile file="nodes/QRCode_1.xml">
            <CEntry XPath="//channel[@id='QRCode_CH1']/route/connprofile/@ripaddress" CustVal="192.168.56.1" />
            <CEntry XPath="//channel[@id='QRCode_CH1']/route/connprofile/@rport" CustVal="20400" />
            <CEntry XPath="//channel[@id='QRCode_CH1']/route/devprotocol/@hostheader" CustVal="qrcode-manager" />
         </XMLfile>
         <XMLfile file="nodes/ReceiptGen_1.xml">
            <CEntry XPath="//channel[@id='ReceiptGen_CH1']/route/connprofile/@ripaddress" CustVal="192.168.56.1" />
            <CEntry XPath="//channel[@id='ReceiptGen_CH1']/route/connprofile/@rport" CustVal="20600" />
            <CEntry XPath="//channel[@id='ReceiptGen_CH1']/route/devprotocol/@hostheader" CustVal="receipt-gen" />
         </XMLfile>
      </XMLFiles>
   </JarFile>
</JarFiles>