<node id="B24_1" type="GTN_B24_Endpoint.B24">
  <channel group="Interchanges" id="B24_CHN_1" inboundRateLimit="-1" messageLimit="1000" messageOrdering="false" outboundRateLimit="-1" routingMode="SAME ROUTE" sessionLimit="-1" type="ep-model-channel" warningRate="1000">
    <route closeOnResponse="false" connectionLostGracePeriod="0" connectionRouting="true" ctrlHdr="NONE" enabled="true" mode="BIDIRECTIONAL" responseTimer="6000" statusMessages="false" switchConnectMode="ONDEMAND" switchPort="10300" syncMessageExchange="false" tcpConnectMode="ONSTART" type="ICEXSTCPIPClientRoute">
      <devprotocol headerlength="2" lengthadjustment="2" lengthposition="0" lengthsize="2" lengthtype="BINARY" maxdevlen="1048576" mindevlen="0" msgcompletiontimer="0" passthru="ALL" type="devprotocolCustomHeader"/>
      <connprofile connecttimer="-1" contretrytimer="1" freeconnsmax="-1" initretry="1" initretrytimer="1" maxconns="-1" type="connprofiletcpipTCPIPClient">
        <address host="192.168.56.1" port="10224"/>
      </connprofile>
    <harouter id="1"/>
</route>
  </channel>
  <channel group="Interchanges" id="B24_CHN_2" inboundRateLimit="-1" messageLimit="1000" messageOrdering="false" outboundRateLimit="-1" routingMode="SAME ROUTE" sessionLimit="-1" type="ep-model-channel" warningRate="1000">
    <route closeOnResponse="false" connectionLostGracePeriod="0" connectionRouting="true" ctrlHdr="NONE" enabled="true" mode="BIDIRECTIONAL" responseTimer="6000" statusMessages="false" switchConnectMode="ONDEMAND" switchPort="10500" syncMessageExchange="false" tcpConnectMode="ONSTART" type="ICEXSTCPIPClientRoute">
      <devprotocol headerlength="2" lengthadjustment="2" lengthposition="0" lengthsize="2" lengthtype="BINARY" maxdevlen="1048576" mindevlen="0" msgcompletiontimer="0" passthru="ALL" type="devprotocolCustomHeader"/>
      <connprofile connecttimer="-1" contretrytimer="1" freeconnsmax="-1" initretry="1" initretrytimer="1" maxconns="-1" type="connprofiletcpipTCPIPClient">
        <address host="192.168.56.1" port="10223"/>
      </connprofile>
    <harouter id="1"/>
</route>
  </channel>
</node>
