<node id="QRCode_1" type="GTN_QRCode_Endpoint.QRCode">
  <channel group="Interchanges" id="QRCode_CH1" inboundRateLimit="-1" messageLimit="1000" messageOrdering="false" outboundRateLimit="-1" routingMode="SAME ROUTE" sessionLimit="-1" type="ep-model-channel" warningRate="1000">
    <route connectionRouting="true" ctrlHdr="WSAPI" ctrlHdrDirection="BOTH" defaultClientSOAPAction="getQrCode" enableWebServices="true" enabled="true" mode="BIDIRECTIONAL" responseTimer="6000" switchPort="10400" type="ICEXSHTTPClientRoute">
      <devprotocol contenttype="text/xml;charset=UTF-8" headerpassthru="true" hmacdest="HEADER" hmacencoding="ASCIIHEX" hmachash="SHA256" hmacscheme="VERBURIBODY" hostheader="qrcode-manager" maxdevlen="1048576" method="POST" mindevlen="0" requesturi="/" sendrqack="ONRESPONSE" type="devprotocolhttpclient2"/>
      <connprofile freeconnsmax="-1" maxconns="-1" maxqueuedmsgs="0" ripaddress="192.168.56.1" rport="20400" type="connprofiletcpipHTTPClient">
        <rvsocket authorise="false" closeabort="false" connectiontimeout="0" keepalive="true" rcvbuffersize="8000" reuseport="false" tcpkeepalive="0" tcpkeepalivecnt="0" tcpkeepaliveidle="0" tcpkeepaliveintvl="0" tcpnodelayack="false" type="vsocketSubset">
          <sslprofile allowmd5signatures="false" authenticate="false" authorise="false" certmatch="NO" clienthelloprotversion="TLS12" clientminprotversion="TLS12" connectiontimeout="300" dnmatch="true" encryptthenmaconly="false" ocsp="false" ocspcertstatusunknownaction="REJECT" ocspnoaccessinfoaction="REJECT" ocspresponseerroraction="REJECT" ocspunreachableaction="REJECT" ocspverify="true" rfc5746initialnegotiation="SCSV" rfc5746legacyclient="NORENEGOTIATION" rfc5746legacyserver="NORENEGOTIATION" serverminprotversion="TLS12" sessionreuse="true" sessiontimeout="60" sslSecurityRealm="QrCode" storesrctype="MEMORY" type="sslProfileRealm"/>
        </rvsocket>
      </connprofile>
    </route>
    <linkHeader enableSecCtx="false" enabled="true" nameValueVectorMode="true" type="wsapi-header2"/>
  </channel>
</node>
