  <cartridge build="3.0.0-a8-SNAPSHOT:20190927T1457+0000" compatibility="1.0.0" description="GetNet Customer Configuration" id="GetNetCustomer" userCartridge="true" version="3.0.0-a8-SNAPSHOT.000">
    <definition location="nodes.xml"/>
    <dependency id="PM" version="4.0.0-0.000"/>
    <dependency id="CORESW" version="4.0.0-0.000"/>
    <dependency id="EFT EP" version="4.0.0-0.000"/>
    <dependency id="GetNetDigitalPlatform" userCartridge="true" version="3.0.0-a8-SNAPSHOT.000"/>
    <dependency id="GetNetB24" userCartridge="true" version="3.0.0-a8-SNAPSHOT.000"/>
    <dependency id="GetNetQRCode" userCartridge="true" version="3.0.0-a8-SNAPSHOT.000"/>
    <dependency id="GetNetReceiptGen" userCartridge="true" version="3.0.0-a8-SNAPSHOT.000"/>
  </cartridge>
