<node type="GTN_B24_Endpoint.B24" id="B24_1" >
  <channel type="ep-model-channel" inboundRateLimit="-1" sessionLimit="-1" outboundRateLimit="-1" messageLimit="1000" id="B24_CHN_1" group="Interchanges" warningRate="1000" routingMode="SAME ROUTE" messageOrdering="false" >
    <route type="ICEXSTCPIPClientRoute" switchPort="10300" switchConnectMode="ONDEMAND" enabled="true" mode="BIDIRECTIONAL" connectionRouting="true" statusMessages="false" connectionLostGracePeriod="0" ctrlHdr="NONE" tcpConnectMode="ONSTART" syncMessageExchange="false" closeOnResponse="false" responseTimer="6000" >
      <devprotocol type="devprotocolCustomHeader" lengthadjustment="2" lengthposition="0" lengthsize="2" lengthtype="BINARY" headerlength="2" msgcompletiontimer="0" maxdevlen="1048576" mindevlen="0" passthru="ALL" />
      <connprofile type="connprofiletcpipTCPIPClient" maxconns="-1" connecttimer="-1" freeconnsmax="-1" initretry="1" initretrytimer="1" contretrytimer="1" >
        <address host="b24-upf-norte-trans-vip.getnet.com.br" port="10224" />
      </connprofile>
    </route>
  </channel>
  <channel type="ep-model-channel" inboundRateLimit="-1" sessionLimit="-1" outboundRateLimit="-1" messageLimit="1000" id="B24_CHN_2" group="Interchanges" warningRate="1000" routingMode="SAME ROUTE" messageOrdering="false" >
    <route type="ICEXSTCPIPClientRoute" switchPort="10500" switchConnectMode="ONDEMAND" enabled="true" mode="BIDIRECTIONAL" connectionRouting="true" statusMessages="false" connectionLostGracePeriod="0" ctrlHdr="NONE" tcpConnectMode="ONSTART" syncMessageExchange="false" closeOnResponse="false" responseTimer="6000" >
      <devprotocol type="devprotocolCustomHeader" lengthadjustment="2" lengthposition="0" lengthsize="2" lengthtype="BINARY" headerlength="2" msgcompletiontimer="0" maxdevlen="1048576" mindevlen="0" passthru="ALL" />
      <connprofile type="connprofiletcpipTCPIPClient" maxconns="-1" connecttimer="-1" freeconnsmax="-1" initretry="1" initretrytimer="1" contretrytimer="1" >
        <address host="b24-upf-sul-trans-vip.getnet.com.br" port="10223" />
      </connprofile>
    </route>
  </channel>
</node>
