<node type="GTN_QRCode_Endpoint.QRCode" id="QRCode_1" >
  <channel type="ep-model-channel" inboundRateLimit="-1" sessionLimit="-1" outboundRateLimit="-1" messageLimit="1000" id="QRCode_CH1" group="Interchanges" warningRate="1000" routingMode="SAME ROUTE" messageOrdering="false" >
    <route type="ICEXSHTTPClientRoute" switchPort="10400" enabled="true" mode="BIDIRECTIONAL" connectionRouting="true" responseTimer="6000" ctrlHdr="WSAPI" ctrlHdrDirection="BOTH" enableWebServices="true" defaultClientSOAPAction="getQrCode" >
      <devprotocol type="devprotocolhttpclient2" contenttype="text/xml;charset=UTF-8" requesturi="/" hostheader="captura-ws.getnet.com.br" method="POST" hmachash="SHA256" hmacencoding="ASCIIHEX" hmacscheme="VERBURIBODY" hmacdest="HEADER" sendrqack="ONRESPONSE" maxdevlen="1048576" mindevlen="0" headerpassthru="true" />
      <connprofile type="connprofiletcpipHTTPClient" maxconns="-1" freeconnsmax="-1" maxqueuedmsgs="0" rport="443" ripaddress="captura-ws.getnet.com.br" >
        <rvsocket type="vsocketSubset" keepalive="true" rcvbuffersize="8000" tcpkeepalive="0" connectiontimeout="0" closeabort="false" authorise="false" tcpkeepaliveidle="0" tcpkeepaliveintvl="0" tcpkeepalivecnt="0" tcpnodelayack="false" reuseport="false" >
          <sslprofile type="sslProfileRealm" authenticate="false" connectiontimeout="300" sessionreuse="true" sessiontimeout="60" serverminprotversion="TLS12" clientminprotversion="TLS12" clienthelloprotversion="TLS12" allowmd5signatures="false" rfc5746initialnegotiation="SCSV" rfc5746legacyserver="NORENEGOTIATION" rfc5746legacyclient="NORENEGOTIATION" dnmatch="true" ocsp="false" ocspverify="true" ocspnoaccessinfoaction="REJECT" ocspunreachableaction="REJECT" ocspresponseerroraction="REJECT" ocspcertstatusunknownaction="REJECT" authorise="false" encryptthenmaconly="false" certmatch="NO" sslSecurityRealm="QrCode" storesrctype="MEMORY" />
        </rvsocket>
      </connprofile>
    </route>
    <linkHeader type="wsapi-header2" enabled="true" enableSecCtx="false" nameValueVectorMode="true" />
  </channel>
</node>
